aabcfn_nft,aabcfn_ft,ampfe_nft,ampfe_ft,cafn_nft,cafn_ft,cffn_nft,cffn_ft,ckfe_nft,ckfe_ft,cmqfe_nft,cmqfe_ft,cmqgfe_nft,cmqgfe_ft,cpffn_nft,cpffn_ft,ctcfe_nft,ctcfe_ft,cvffe_nft,cvffe_ft,cvfn_nft,cvfn_ft,sub_cffn_nft,sub_cffn_ft,sub_cle_nft,sub_cle_ft,sub_cqfe_nft,sub_cqfe_ft,uvfe_nft,uvfe_ft,
1,nan,3.896638899220089e-06,nan,nan,0.0001369489506431209,0.00020937420415437208,-4.27149452638816e-05,-2.187682010000014,-3.936348638161369e-05,nan,8.428793437663005e-07,7.293654223817486e-05,-5.878808100394385e-07,-1.511758218137612e-06,9.978466249799103e-07,nan,nan,-2.190330506925242e-07,4.572533984980802e-05,3.5067356579226216e-06,9.941889248192526e-06,3.5067356579226216e-06,-1593015462.2512825,3.1307708478340513e-06,2.7943177025047344e-07,2.2908445279405716e-07,2.4358830701987327e-07,0.0030190452598427,7.443145492715331e-06,6.673918816880285e-07,
2,nan,3.666756453173377e-06,nan,nan,0.00013988337012916014,0.00021213219265055232,-6.236212907818382e-05,-0.015478288606345843,-2.0731887508488313e-05,2.5772940266870276e-06,5.620693203294965e-07,0.00011670536860017684,-1.9636338887424955e-07,-9.977481339019995e-07,9.019353097405776e-07,nan,1.1604432773555332e-07,-3.3620067972660787e-07,3.4517984915434314e-05,3.514611108640759e-06,9.942101240677775e-06,3.514611108640759e-06,-1593015462.2661765,3.1361292309201673e-06,4.042220182249771e-07,5.828236716600326e-07,2.4369216677329254e-07,0.001131512223013577,3.7238059073346625e-06,6.674245660800964e-07,
3,nan,3.443787919482983e-06,nan,nan,0.0001486350387821333,0.00021918601118942142,-7.121641904224017e-05,0.04936643136579186,-1.1467904368656345e-05,5.236025287218636e-06,7.633975197145046e-07,7.365578175628452e-05,9.66047151573893e-07,3.97555007089181e-07,8.221309556120959e-07,nan,2.942958445260989e-07,-3.110990067916592e-07,3.013723978268736e-05,3.537625900974388e-06,9.943186251146392e-06,3.537625900974388e-06,-1593015462.322228,3.1431883654004186e-06,5.706522916982644e-07,1.1352522942404552e-06,2.4356696276239413e-07,0.0005222703878819514,2.4825512974412982e-06,6.677288680553203e-07,
4,nan,3.228040545933826e-06,nan,nan,0.0001671102778080516,0.00023171727728088943,-6.394270116116284e-05,0.04451006966080485,-2.699809791664633e-06,1.0427406395449882e-05,1.3562307599315058e-06,1.5809561783153306e-05,3.3197252719045626e-06,3.1148497631172294e-06,7.74327452693721e-07,nan,5.920752746215964e-07,-1.2740854191970954e-07,3.927700457618054e-05,3.5873879995371666e-06,9.947009267078524e-06,3.5873879995371666e-06,-1593015462.4572031,3.1546932783109297e-06,7.890992680076508e-07,1.8948883246729298e-06,2.432424569708098e-07,0.0002590245823853233,1.8629353614545757e-06,6.691272156544126e-07,
5,nan,3.0198463257534007e-06,nan,nan,0.00019981740059334894,0.000251190664594186,-3.522009100022959e-05,0.03420776148153363,8.369590792315572e-06,1.901274336587205e-05,2.4186751512667044e-06,7.224874787809615e-06,7.290184335789701e-06,7.59485031977503e-06,7.82168827765292e-07,nan,1.0393593716089016e-06,-2.0273962440630345e-07,6.834929545364722e-05,3.6803069317323675e-06,9.957419844484241e-06,3.6803069317323675e-06,-1593015462.7141194,3.17640683188706e-06,1.0717345971078244e-06,2.8715512645554224e-06,2.4318794976904405e-07,0.00013039500149079146,1.49570186856255e-06,6.735199258198256e-07,
6,nan,2.819564870380234e-06,0.00020911848236856935,nan,0.0002518047894982437,0.0002795904544107894,2.0287796412515862e-05,0.025403448819915728,2.332674214330353e-05,3.18620024846037e-05,4.0626700349394345e-06,6.980325750767678e-06,1.3312684702422577e-05,1.4278286489967047e-05,8.768792130395608e-07,nan,1.6673827031045314e-06,1.054408534700391e-06,0.00012350534989307685,3.839037179000215e-06,9.98126568881932e-06,3.839037179000215e-06,-1593015463.1369383,3.2191818326059273e-06,1.4327071760011785e-06,4.076286943814066e-06,2.448413027279687e-07,6.395046532777902e-05,1.2608726207081033e-06,6.84418689403244e-07,
7,nan,2.627586720792099e-06,0.00016651051522194747,nan,0.00032859897265010026,0.00031957744949985805,0.00010796360723975285,0.01863609828795681,4.3368643891700635e-05,4.985366233619494e-05,6.413484769594316e-06,8.964723954707657e-06,2.1836550265424354e-05,2.3605903713909335e-05,1.0970786348389138e-06,nan,2.5086642709426037e-06,1.924495575826713e-06,0.00021065672745250005,4.093783874401308e-06,1.0029587092301359e-05,4.093783874401308e-06,-1593015463.7669215,3.3016849578976555e-06,1.888330146831076e-06,5.5212755426658335e-06,2.5130151314201213e-07,2.91658441419695e-05,1.1110985685835967e-06,7.074545311181988e-07,
8,nan,2.4443371810937404e-06,0.00013701772560116535,nan,0.00043614270073679133,0.0003746191770006252,0.00023326416516712765,0.013553973184937151,6.952682859536116e-05,7.38744271294719e-05,9.604106835162312e-06,1.2406878257214736e-05,3.332913462770633e-05,3.6018463059129486e-05,1.4885826665386514e-06,nan,3.5969869477506912e-06,3.108845901518108e-06,0.00033549640608919646,4.483440577606454e-06,1.0118973759182695e-05,4.483440577606454e-06,-1593015464.639648,3.453701323996711e-06,2.4572719094896564e-06,7.21974408852188e-06,2.681521712997546e-07,1.1458672558035427e-05,1.0277035154510472e-06,7.508123582418606e-07,
9,nan,2.2702807773998518e-06,0.00012042251474811663,nan,0.0005807330238000591,0.00044910380023604514,0.00040174244152242557,0.009763969982512046,0.00010274780658647259,0.00010481877460391433,1.3773069527921274e-05,1.7268068933268034e-05,4.827936960099331e-05,5.195674122046672e-05,2.104183629079064e-06,nan,4.967329731130775e-06,4.616683210637204e-06,0.0005035198741251006,5.05652889836325e-06,1.0273058302079678e-05,5.05652889836325e-06,-1593015465.7826939,3.7198739995704546e-06,3.160750527073094e-06,9.185900654896569e-06,3.04374675544453e-07,3.2625265374978217e-06,1.0061898723140278e-06,8.255581422120912e-07,
10,nan,2.105926469671815e-06,0.00011677101192780374,5.834754714895454e-05,0.0007689593680288771,0.0005484353557143289,0.0006190611147707306,0.006958062792934225,0.00014392830411285576,0.00014358831554303224,1.906338465731328e-05,2.367407776118083e-05,6.720081853865825e-05,7.186153052007185e-05,3.0034105783258078e-06,nan,6.655752816029089e-06,6.473036422927217e-06,0.0007200462179451792,5.87190973950977e-06,1.0524112247835843e-05,5.87190973950977e-06,-1593015467.2139738,4.16367088841212e-06,4.02273103873465e-06,1.14349055606736e-05,3.7330162417186394e-07,4.2368600556747715e-07,1.0505503014219683e-06,9.458367375930667e-07,
11,nan,1.9518337757589643e-06,0.00012602428109958236,9.172151475352698e-05,0.0010076416125528124,0.0006791037615746304,0.0008909957982569276,0.004911548857400827,0.00019393346908441904,0.00019109094646072825,2.5621926533574995e-05,3.180822931840615e-05,9.063414541226335e-05,9.617363890740782e-05,4.252264768664192e-06,nan,8.699235485612525e-06,8.705331110129348e-06,0.0009902392055155568,6.999235930605671e-06,1.0914700750609123e-05,6.999235930605671e-06,-1593015468.9407454,4.8713221606197225e-06,5.070125387408187e-06,1.398289403746889e-05,4.935523472175742e-07,5.732761695983768e-07,1.170745945585885e-06,1.1289284974834396e-06,
12,nan,1.8086200077549407e-06,0.00014809883026928127,0.00013154993314844362,0.0013037681662353875,0.0008487223933507421,0.0012234265181082823,0.003462745215985247,0.0002536077665433064,0.0002482397823289622,3.359904224657426e-05,4.188256613559702e-05,0.0001191488978427917,0.00012533388995925477,5.922926596151369e-06,nan,1.1135466820839686e-05,1.1341658549590752e-05,0.001319128365808161,8.519116023251073e-06,1.1499341372920713e-05,8.519116023251073e-06,-1593015470.9592745,5.955434805300995e-06,6.332994927887548e-06,1.6847064692780175e-05,6.898840851908979e-07,2.3278269988530806e-06,1.381466666004804e-06,1.3951613497273295e-06,
13,nan,1.6769688740769345e-06,0.0001829198302857937,0.00017789828344701356,0.001664434044467441,0.0010660270439020608,0.0016223165429144052,0.0024948780004447335,0.0003237824037675722,0.00031595186226418716,4.3148300799554855e-05,5.4127605539865414e-05,0.00015334448887830904,0.00015978312287976426,8.093429161845713e-06,nan,1.4002589228844952e-05,1.4410361196150547e-05,0.0017116300642186651,1.0522959019163551e-05,1.2346100262285226e-05,1.0522959019163551e-05,-1593015473.2551634,7.557966908947305e-06,7.844755812636476e-06,2.004584847865305e-05,9.938838658172423e-07,4.870636521950367e-06,1.7014441200444782e-06,1.7676820029674005e-06,
14,nan,1.5576407708279578e-06,0.00023046230353720965,0.0002308899151598315,0.0020967789459604893,0.0013408319133342214,0.0020936782559272255,0.0019228317427205119,0.0004052809679183912,0.0003951466278705224,5.442634826819669e-05,6.878770315147357e-05,0.00019385024862510382,0.00019996219250090625,1.084729250197357e-05,nan,1.73388947902139e-05,1.7939897940857732e-05,0.0021725685740644983,1.3112469802083574e-05,1.3538045821758776e-05,1.3112469802083574e-05,-1593015475.804341,9.852232932206534e-06,9.642387967658891e-06,2.3599173721538008e-05,1.4444176738556963e-06,7.72117164663863e-06,2.1530011852242464e-06,2.272095596823054e-06,
15,2.47790317154413e-07,1.4514851792351907e-06,0.00029078123375232847,0.0002907219312301188,0.0026079253295400923,0.0016839404379605815,0.002643526461797212,0.001683940439359073,0.0004989240783672078,0.0004867441814234222,6.759286514709269e-05,8.611837477443802e-05,0.00024132440342527743,0.0002463119692856639,1.4273111131917437e-05,nan,2.1182474425203934e-05,2.195879111380679e-05,0.0027066971442497047,1.6398765044578725e-05,1.5174465547293133e-05,1.6398765044578725e-05,-1593015478.5747151,1.3043612563856461e-05,1.1766648878409748e-05,2.75288440745579e-05,2.087745053063435e-06,1.0602798599633408e-05,2.761686314565051e-06,2.935987530093451e-06,
16,6.353383040917814e-07,1.3594557111474327e-06,0.00036403361210292124,0.00035768993946139595,0.0032049164909392094,0.002107010980563098,0.0032778203604596433,0.0017316537502518646,0.0006055334640256309,0.0005916633392238084,8.281064606003701e-05,0.0001063843257203977,0.000296451827756315,0.0002992733393479744,1.8464085742935814e-05,nan,2.557081987894831e-05,2.6495602683994453e-05,0.003318719063183419,2.0501079360817044e-05,1.7371736083170524e-05,2.0501079360817044e-05,-1593015481.5284858,1.736864967433557e-05,1.4262294016216594e-05,3.1859048009315776e-05,2.9771988233834007e-06,1.3364396248891693e-05,3.55591363362337e-06,3.7883445214890775e-06,
17,7.383614954254053e-07,1.282628514537019e-06,0.0004504948190702744,0.0004322170503997677,0.003894654639591563,0.002622379490460302,0.004002396406967075,0.002031159215473034,0.0007259356890445743,0.0007108195041894966,0.0001002458534871861,0.00012985767935390772,0.0003599404031303786,0.00035928720456339613,2.351748753074598e-05,nan,3.054037852567153e-05,3.157892246668132e-05,0.004013308719038735,2.554503147637986e-05,2.0263719729014694e-05,2.554503147637986e-05,-1593015484.625123,2.309225447222825e-05,1.7178306459813168e-05,3.6617020428627355e-05,4.1723211404365225e-06,1.593266304570625e-05,4.5665635790743785e-06,4.858894298578402e-06,
18,8.346584989686768e-07,1.222224984435055e-06,0.0005505710126869704,0.0005148876017239487,0.004683838975425002,0.0032428430918420266,0.004822895388417042,0.002556321828013559,0.0008609656556584972,0.000845122390979305,0.00012006855188872671,0.00015681616014253904,0.0004325158098186315,0.00042679448312271797,2.953404052099396e-05,nan,3.612606099193673e-05,3.7237361817687725e-05,0.004795132656438745,3.1660420186184375e-05,2.4001542617929704e-05,3.1660420186184375e-05,-1593015487.8250043,3.050276118562574e-05,2.0568139116027953e-05,4.1833877031163904e-05,5.737338668404664e-06,1.828248396222315e-05,5.8265158739900844e-06,6.177384785136846e-06,
19,9.320051454060273e-07,1.1796400495526433e-06,0.0006648086602722165,0.0006064863428808993,0.005578903765654867,0.0039814101087143165,0.00574468823943669,0.003287513917639901,0.0010114699626482618,0.0009954736465352433,0.00014245373849885992,0.00018754108788967048,0.0005149145721503825,0.0005022361120574155,3.66172030976943e-05,nan,4.23607015989412e-05,4.3499550049716974e-05,0.005668870629656526,3.8978519871586445e-05,2.875259057520854e-05,3.8978519871586445e-05,-1593015491.0937152,3.990464544629186e-05,2.448997393127582e-05,4.754561438616522e-05,7.738851181395235e-06,2.0418217360248076e-05,7.370095580073929e-06,7.772824370961107e-06,
20,1.0329533622712014e-06,1.15647776290426e-06,0.0007939019918056069,0.0007080440941224992,0.006585956421577341,0.0048510232528172405,0.006772806308919073,0.004210052409349332,0.001178310169972816,0.001162764418718001,0.00016758332995281283,0.00022231507846964804,0.0006078751774761834,0.0005860530578484924,4.487232431408852e-05,4.6466485470501146e-05,4.9274471623872086e-05,5.039413229131769e-05,0.006639236652415831,4.762884534773383e-05,3.4698538260778775e-05,4.762884534773383e-05,-1593015494.4070122,5.160877004805638e-05,2.900700362574382e-05,5.378716211650928e-05,1.0242599452383329e-05,2.2361737804679254e-05,9.232417887036475e-06,9.672704901008803e-06,
21,1.1387520170790529e-06,1.1545965801656388e-06,0.0009386989149509201,0.0008208912324835606,0.007710715575362823,0.00586426357811735,0.007911882881617678,0.0053130554729177,0.0013623660040292791,0.0013478729355101454,0.0001956501526184394,0.00026141935708438727,0.0007121270937792048,0.0006786863578081506,5.440564284541072e-05,5.561313191210926e-05,5.6894245380331886e-05,5.794976815319791e-05,0.007711000044379286,5.773535581224019e-05,4.203220559611286e-05,5.773535581224019e-05,-1593015497.7564473,6.592010488183459e-05,3.4187742791723044e-05,6.063210953960974e-05,1.330916983283208e-05,2.414473987785796e-05,1.1448620110735882e-05,1.1902228505646592e-05,
22,1.250209687097038e-06,1.1761676620213576e-06,0.0011002057727275648,0.0009467207624166467,0.00895844915684928,0.007033043349455406,0.009166113633870888,0.006588592658439874,0.0015645385284202187,0.001551662166855921,0.0002268665740243109,0.0003051305858428537,0.0008283775226066203,0.0007805772710411355,6.53230856874558e-05,6.12254335311685e-05,6.52429191178417e-05,6.619513086748479e-05,0.008889006474410842,6.94120676662504e-05,5.09530126777251e-05,6.94120676662504e-05,-1593015501.155655,8.312295661813427e-05,4.010637669608061e-05,6.811580317522977e-05,1.698848447009673e-05,2.580377270319252e-05,1.405297103304034e-05,1.4483558397874838e-05,
23,1.3680016148570711e-06,1.2237509443176327e-06,0.0012795912171815068,0.001087663207081622,0.010333912470335622,0.008368296202844046,0.010539244251319333,0.008031043318492049,0.001785753299235945,0.0017749776503666534,0.0002614853385203456,0.00035371709303077474,0.0009572957437910861,0.0008921677966786135,7.772880846650201e-05,6.771953025425017e-05,7.433868274042807e-05,7.515890671503785e-05,0.010178199000699282,8.275804597896712e-05,6.166078038460705e-05,8.275804597896712e-05,-1593015504.6473005,0.00010346384611385472,4.684315783803603e-05,7.631887035202493e-05,2.1312917653722868e-05,2.7377047325678735e-05,1.7077848727631367e-05,1.743511236767929e-05,
24,1.4928280065615147e-06,1.3003958369786797e-06,0.0014781893983636292,0.001246376113255376,0.011841286271375047,0.009879672918024412,0.012034593571328215,0.00963660501677284,0.0020269635201706796,0.002018645570612231,0.00029985858414059393,0.0004074343677759347,0.00109949493772367,0.0010139023570291496,9.172339723473347e-05,7.558399751454132e-05,8.419424434429876e-05,8.486979463420592e-05,0.011583639107829523,9.78517443667095e-05,7.43475986960173e-05,9.78517443667095e-05,-1593015508.3106914,0.00012713228656361503,5.448486226610004e-05,8.532823606967276e-05,2.628887032575389e-05,2.890240677056123e-05,2.0552578648014042e-05,2.077091598334657e-05,
25,1.625525859521599e-06,1.409776656988775e-06,0.0016975026161562894,0.0014261516034627362,0.013484114843568411,0.01157525081275348,0.013655120297194382,0.011402911572353975,0.0022891532104235553,0.0022834711893167767,0.000342651910875005,0.00046651964979588885,0.001255511411142655,0.001146232993950028,0.0001074016192342223,8.518669765371223e-05,9.481600757461149e-05,9.535650594728278e-05,0.013110527740888544,0.00011474466305757385,8.918745834894089e-05,0.00011474466305757385,-1593015512.2700505,0.00015423984309676,6.312531988799927e-05,9.528821750037482e-05,3.188662633416802e-05,3.041606413847724e-05,2.4502124158515456e-05,2.450003053421916e-05,
26,1.7671601952710532e-06,1.5563779688972495e-06,0.0019392035457193924,0.0016310461374936618,0.01526524407535759,0.013461264238570077,0.015403540601804476,0.013328732488849564,0.0025733403967886422,0.0025702377302801276,0.0003920571410622391,0.0005311853966895162,0.0014257812049386994,0.0012896346816109055,0.00012484956130974568,9.68964975736539e-05,0.00010620320180133912,0.00010664776416531249,0.014764226336692622,0.00013345429491276668,0.00010632331388126669,0.00013345429491276668,-1593015516.7034512,0.00018479799483959197,7.286603555924304e-05,0.00010620563770457895,3.802830555256953e-05,3.19518501641576e-05,2.89456219535462e-05,2.8626068583018876e-05,
27,1.919087836793172e-06,1.7457530755126544e-06,0.002205137120815949,0.0018660374652877958,0.017186759536818856,0.015541862946564613,0.017282502923051585,0.015413733756441306,0.002880580340315158,0.002879705828098949,0.0004784070207760992,0.00060161134599848,0.0016106141287262558,0.0014446485550915463,0.00014414091923177816,0.00011111349640419838,0.0001183469651142339,0.00011877230484626678,0.016550277852222763,0.00015395632917568122,0.00012585121732730027,0.00015395632917568122,-1593015521.8524134,0.00021869547341825943,8.381692066559946e-05,0.00011835933443158657,4.457372053326413e-05,3.354079895881099e-05,3.389475498673059e-05,3.314680769727579e-05,
28,2.08296524858858e-06,1.9848919700816173e-06,0.0024973221398907485,0.0021372146663522205,0.019249924556456202,0.01781890423614237,0.019294825179013153,0.01765828567664682,0.0032119688072379422,0.003212613653666582,0.0004629890711784871,0.0006779347985166409,0.0018101653481787106,0.0016119992008898829,0.00016533208126030255,0.00012828209188126322,0.00013122938013689382,0.00013175887549033718,0.018474427790355023,0.00017617608271978613,0.0001478011318566328,0.00017617608271978613,-1593015528.0321653,0.0002556759174710995,9.60971582924251e-05,0.00013189673689686904,5.130393490485304e-05,3.521095746035708e-05,3.935195565116557e-05,3.8053910552164135e-05,
29,2.2606640659538487e-06,2.282756465588344e-06,0.0028179526454121515,0.0024520081780228203,0.021455118297994742,0.020291783836188355,0.021443798820627507,0.020063307284675674,0.003568645393426048,0.0035696778319747684,0.0005313153489380136,0.000760238621463923,0.0020244047484951947,0.0017929014080489993,0.00018845545227157574,0.00014889932408371445,0.00014482246265993263,0.00014563623546152006,0.020542645222972507,0.00019997912856639885,0.00017211400347562385,0.00019997912856639885,-1593015535.6425622,0.00029531686097008164,0.00010983622898795894,0.00014705000287990868,5.790231326948516e-05,3.6987341545964617e-05,4.530843203458883e-05,4.3332757189784856e-05,
30,2.4540795407969384e-06,2.6510751218640665e-06,0.0031693991162134415,0.0028194678146781543,0.023801773837174058,0.022957309430976375,0.023733564000155062,0.02263013968742887,0.0039517969113019745,0.003951595269008197,0.0005957024736914009,0.000848536287039097,0.002253084411746304,0.0019898354630770044,0.00021351012886407602,0.00017352171882793535,0.00015908710309325532,0.0001604331559281485,0.022761143811545852,0.00022516109144341207,0.0001986146365428301,0.00022516109144341207,-1593015545.1796715,0.0003370112640193376,0.00012517512868955475,0.00016410373103731884,6.393284389891208e-05,3.8891986697607894e-05,5.174201013100191e-05,4.896239282646175e-05,
31,2.6648731856743248e-06,3.1055448266766573e-06,0.003554209504396724,0.0032505979688393937,0.02628831623854153,0.02580961966489605,0.026169561141187663,0.025360442568126952,0.004362660847998835,0.004359046004716215,0.0006631111320036601,0.0009427529946546417,0.0024957046777895116,0.0022084452412135342,0.00024044843784192747,0.0002027717029370393,0.00017397196073744043,0.00017617841981728492,0.025136402825268942,0.00025143658015604404,0.00022697988528561758,0.00025143658015604404,-1593015557.248018,0.00037995299830458133,0.00014226781573108583,0.00018340840264406043,6.881550707249396e-05,4.094405788241026e-05,5.8614784931289e-05,5.49155922591196e-05,
32,2.894247731390189e-06,3.6676540097308183e-06,0.003975110142095174,0.003758760456508077,0.028912100632245773,0.02884015037017186,0.02875906689050576,0.028256109482396246,0.004802528903417313,0.004792697208498176,0.0007347510615781769,0.0010427015267576941,0.0027514794080706504,0.002462048962052655,0.0002691557303564186,0.000237344017292911,0.00018941231087423135,0.00019290082177940242,0.027675188156836606,0.00027842722654068544,0.0002567016387449393,0.00027842722654068544,-1593015572.573492,0.00042312791551052186,0.0001612829301616731,0.00020539787274341233,7.179845344431208e-05,4.3159994680263934e-05,6.587057334483669e-05,6.115903966899822e-05,
33,3.1428520347864534e-06,4.367336231990755e-06,0.004435006538536105,0.004360156813324366,0.03166935029082992,0.0320376486868109,0.03151182743717421,0.03131919855684209,0.005272750616797583,0.0052532084328263985,0.0008111147169768026,0.0011480508796460032,0.0030193012384910705,0.0027820645110992,0.00029941859477662614,0.0002780123235791531,0.00020532884467613666,0.0002106291681608014,0.030384573335951157,0.0003056488007729079,0.0002870440406188345,0.0003056488007729079,-1593015592.0169175,0.0004653123558041714,0.00018240583610005295,0.00023061274925173544,7.19267483705448e-05,4.555367545179761e-05,7.34321619255904e-05,6.765362048625547e-05,
34,3.4108420039644457e-06,5.24600736299285e-06,0.004936984084053741,0.005074403251434009,0.034555094706025066,0.0353882347074645,0.03444081027039035,0.03455187591753435,0.0057747370904200615,0.005741238240183671,0.0008925122306691214,0.0012582847556640152,0.0032977077904737073,0.003241483448753974,0.0003308718746663449,0.0003256361082531072,0.00022162642193514085,0.00022939227698191112,0.033271960540644456,0.0003324973728007112,0.0003169943483226204,0.0003324973728007112,-1593015616.5882862,0.0005050811949002097,0.00020584104680005999,0.0002597323239706833,6.800742967227277e-05,4.8136589663845104e-05,8.119834239173926e-05,7.43548199887184e-05,
35,3.6980414707480553e-06,6.3548067076282295e-06,0.005484308674709834,0.005925212930960979,0.03756310766554352,0.03887550930191507,0.03756310766550739,0.03795636970381933,0.0063099648190829034,0.006257452319200691,0.0009791902292319674,0.0013726454572560338,0.0035848500063919075,0.0040064443484385285,0.0003629036525004335,0.0003811679467476192,0.00023819277661052662,0.00024921897792012227,0.036345101606502284,0.00035823448967407275,0.00034520679723499143,0.00035823448967407275,-1593015647.4616492,0.000540827782280331,0.00023181510285441394,0.00029361920762927874,5.8570617852879905e-05,5.091801115534431e-05,8.904072793992683e-05,8.121322148450734e-05,
36,4.0041190738050485e-06,7.713902493631587e-06,0.006080427268802908,0.006941201660941884,0.040685845329872246,0.04248070587344156,0.0409010431084314,0.041534932918806444,0.006879979634067122,0.006802533208700819,0.0010713688153573897,0.001490056130958138,0.0038784639835722995,0.005446952897025831,0.00039446762976799043,0.0004456611719605272,0.0002548971751958091,0.00027013811229614266,0.03961211903387789,0.00038197133854187633,0.00036993879655432185,0.00038197133854187633,-1593015685.9906754,0.0005707983898317436,0.0002605799869455324,0.00033338334213585754,4.18264093332252e-05,5.3905167655376405e-05,9.680034336366414e-05,8.817509529004382e-05,
37,4.328724409875565e-06,9.06461888087233e-06,0.006728968384642952,0.00815683459252909,0.04391438430906623,0.046182882986123504,0.04448355799254648,0.04528981367078281,0.007486400770387415,0.007377191754427639,0.0011692556901194617,0.0016090097808114851,0.0041758478958336025,0.008369455948314416,0.00042365971779957326,0.0005202779819077377,0.00027158902790478306,0.00029217853306311864,0.043081526993181386,0.0004026518650872836,0.00038897874244838755,0.0004026518650872836,-1593015733.7248673,0.0005931440695006997,0.0002924171742998963,0.00038047645527778534,1.561727481176235e-05,5.710340360941145e-05,0.00010428398199226515,9.518306827701813e-05,
38,4.671567876185842e-06,9.390809407066792e-06,0.007433742547432495,0.009613532865146478,0.04723835973954184,0.04995915408889007,0.04834799437102574,0.04922323159665929,0.008130925066234793,0.00798218043386509,0.0012730523524938499,0.0017274051721574582,0.004473845807181491,0.014495419721932499,0.000446549439741287,0.0006062980169562621,0.00028809645267668314,0.00031536910479795083,0.0467622523283318,0.0004190348171726255,0.00039956469224346664,0.0004190348171726255,-1593015792.4264433,0.0006059931105251738,0.00032764243718714863,0.00043683596055187556,-2.263432359920783e-05,6.0516334570130004e-05,0.00011126032247169426,0.00010217686253574231,
39,5.032454354175425e-06,8.340364877076778e-06,0.008198742691847635,0.011360960468926823,0.05064590336087008,0.05378494995651647,0.05254244725867353,0.053337359447944696,0.00881533130364344,0.008618308701288251,0.0013829571115172546,0.001842293650338867,0.004768840391311502,0.02742711978996508,0.0004525835386722559,0.0007051274350180121,0.00030422479200045764,0.00033973870369436094,0.0506636555584586,0.00042967468346487764,0.00039829310026537,0.00042967468346487764,-1593015864.0878785,0.0006075475914164672,0.00036661154526557437,0.0005051122497297672,-7.598339126596912e-05,6.414599223069034e-05,0.00011745579841261661,0.00010909409069620296,
40,5.411288043914932e-06,6.939128943756074e-06,0.009028144525893188,0.013458512739852069,0.0541235815925701,0.05763430897480408,0.05712894883745757,0.057634308974454256,0.00954148469955749,0.009286460529773784,0.0014991666666665897,0.0019494674513838863,0.005056756763423644,0.05456099031244559,0.00037366036974247833,0.0008183085123619843,0.00031975508255815786,0.00036531621755737524,0.0547955518779393,0.0004329014968127948,0.0003810167716153701,0.0004329014968127948,-1593015950.950109,0.0005962078391027111,0.0004097270323627416,0.0005890415185426886,-0.00014802523921530382,6.799295973526566e-05,0.00012255021393396364,0.00011587109466718496,
41,5.808062934911507e-06,5.655974655547092e-06,0.009926306860767908,0.01597702884291355,0.05765633361090254,0.06148019001923381,0.062187887708569436,0.062116120369745925,0.010311341556631702,0.009987614361416026,0.0016218769878431362,0.002042744383279017,0.005333079795635448,0.11081237577698044,nan,0.0009475297977270896,0.0003344424776874402,0.0003921305457989542,0.059168232154860265,0.00042679947214677356,0.0003427311446382523,0.00042679947214677356,-1593016055.5214002,0.0005707289375279216,0.000457446235712317,0.0006941076448897758,-0.00024296401332270202,7.205649727362807e-05,0.00012617209813268587,0.00012244381400029167,
42,6.222848112982614e-06,4.537437630745927e-06,0.010897771910782669,0.019000751247088547,0.06122740942566275,0.06529480241353192,0.06782429630603323,0.06678475465115259,0.011126954083273312,0.010722865723877076,0.0017512838286386611,0.0021126126430926558,0.0055928874094296754,0.22574687224692677,nan,0.0010946368478910648,0.0003480146226631852,0.00042021059943456255,0.06379248392798707,0.0004091844486725098,0.00027744796611779894,0.0004091844486725098,-1593016180.5968728,0.0005304137705183527,0.0005102908574023808,0.0008286979436007838,-0.00036568723467965663,7.633465820914995e-05,0.00012789379151221915,0.00012874866975898195,
43,6.655772740835897e-06,3.552586354493973e-06,0.011947265566798364,0.02262955546484693,0.06481830795697428,0.06904994730477312,0.07417702761646171,0.07164208844038711,0.011990475392618724,0.01149345283358161,0.001887583036645726,0.00214334103729811,0.005830902400468474,0.4570193476596048,nan,0.0012616435736084717,0.00036016998279823106,0.00044958530108051546,0.06867961240233147,0.00037758010612952815,0.0001780553753169512,0.00037758010612952815,-1593016329.278696,0.00047534743888359444,0.0005688583519140705,0.0010064948909093141,-0.0005218466797688373,8.082439614187809e-05,0.0001272262574036533,0.0001347234496697528,
44,7.107012797281893e-06,2.668711005853322e-06,0.013079697646168769,0.02698147311473554,0.06840871511208227,0.07271736475093281,0.08143252047114978,0.07668991069094476,0.012904164690338855,0.012300785586953111,0.002030970746159686,0.0021056475493032565,0.0060415653316611365,0.9153206494858684,nan,0.0014507442257795278,0.0003705761243632223,0.0004802835849519655,0.07384146144340176,0.00032919292488564763,3.616336386563271e-05,0.00032919292488564763,-1593016504.996938,0.00040667825951291474,0.0006338355107768749,0.0012515382765296071,-0.0007179459375319354,8.552166339788031e-05,0.00012361361141476372,0.0001403081804477781,
45,7.5767801848685825e-06,1.8610341495205934e-06,0.014300162121769548,0.032195530548886644,0.07197644186214672,0.07626908087962164,0.08984608489757227,0.0819299209779902,0.013870392661379707,0.013146478445591196,0.0021816435000494207,0.001931849914536044,0.006219130904584024,1.8100245969020008,nan,0.0016643260527976047,0.00037886794832557634,0.0005123343968614286,0.079290434570223,0.00026088585963845697,-0.00015806647181115755,0.00026088585963845697,-1593016711.5310822,0.00032695093465798215,0.000706014698872424,0.0016106915477288,-0.0009614349888709597,9.04215014822902e-05,0.00011642736194299233,0.00014544597351485156,
46,8.065314132594364e-06,1.1117284240659162e-06,0.015613937332353481,0.038434923731020545,0.07549736231903582,0.0796777496361252,0.09977597956105651,0.08736372902663997,0.01489164706596979,0.014032387854974546,0.002339798327555527,0.001351722991802456,0.006357789957810901,3.531572920811322,nan,0.0019049826612146288,0.0003846458769075642,0.0005457666942177609,0.08503951594721437,0.00016915069649486985,-0.00041610802033898494,0.00016915069649486985,-1593016953.032204,0.00024049787266118222,0.0007863133010122831,0.002189910549870124,-0.0012608121625797555,9.551812405016276e-05,0.00010496035478921949,0.00015008383085352418,
47,8.572874563200836e-06,4.079367725320484e-07,0.017026486176183433,0.045890547598254616,0.07894535181211947,0.0829169838866677,0.11174023335448209,0.09299285520672938,0.015970538555464046,0.014960655006626373,0.0025056327938975443,nan,0.006451818809076728,6.798227543588721,nan,0.002175528113141413,0.0003874739929635081,0.0005806094460255178,0.09110229137500989,5.007906319982842e-05,-0.0007512757750300459,5.007906319982842e-05,-1593017234.045809,0.00015389504709428927,0.0008757970674772369,0.003292262717301963,-0.00162573383015854,0.0001008049929461208,8.842041490977265e-05,0.00015417339845609314,
48,9.09973704160008e-06,-2.597655319318464e-07,0.018543456289648597,0.05478489461414257,0.08229222496506254,0.08596167096998203,0.1265161055964058,0.09881873176725652,0.017109806718843015,0.01593375497056099,0.002679345031422323,nan,0.006495757016615697,12.914219720887399,nan,0.002479011795152483,0.00038687813217609706,0.0006168916328846373,0.09749296928030982,-0.00010066793771477131,-0.0011789492247253012,-0.00010066793771477131,-1593017559.535335,7.648919961534198e-05,0.0009757082100968912,0.006283344385299191,-0.0020671322104201923,0.00010627488784769378,6.592367834461228e-05,0.00015767165571705716,
49,9.6461889533865e-06,-8.98422092019092e-07,0.020170680212360084,0.06537633241994047,0.08550767377261817,0.08878826818696316,0.14532479686242014,0.10484270462254519,0.018312326370947974,0.016954553501390964,0.0028611337584263964,nan,0.0064846137375074615,24.218430362676443,nan,0.0028187340948857653,0.00038234392807181725,0.0006546422469903978,0.10422640170484887,-0.0002878915030898663,-0.0017168178123533558,-0.0002878915030898663,-1593017934.9063148,2.1003622832067048e-05,0.0010874993049415486,0.05196969153201256,-0.0025973416632530852,0.00011191997002306298,3.648760736003452e-05,0.00016054153016775455,
50,1.0212526622103162e-05,-1.5133976947934379e-06,0.021914175540041613,0.07796376418984889,0.08855920567742122,0.091375074174132,0.1702007904741644,0.11106603553548482,0.019581114093806258,0.018026373175431376,0.003051198289613384,nan,0.0064141016546595845,44.85529552282732,nan,0.0031982629230124875,0.0003733148098555009,0.000693890292133621,0.11131810529356881,-0.0005168883408366518,-0.0023851478140079923,-0.0005168883408366518,-1593018366.0312014,4.2302030782560785e-06,0.0012128743150379587,-0.008287446212467497,-0.0032302338603612253,0.00011773184068501419,-9.763181554365277e-07,0.00016275242814566324,
51,1.0799053135358843e-05,-2.108850537276396e-06,0.023780145066376848,0.09289166723999685,0.09141208164678173,0.09370247261121502,0.20480405970627943,0.11748990457163126,0.020919335042685835,0.019153070971584217,0.0032497385408008206,nan,0.006280895868865997,82.08479358002849,nan,0.003621451119800378,0.0003591899530639918,0.0007346647837010748,0.11878428228208139,-0.0007934853494005721,-0.0032070725488337077,-0.0007934853494005721,-1593018859.2748551,4.7815859264969706e-05,0.0013538383711576517,-0.003743142411273902,-0.0039813622292584035,0.00012370159439162025,-4.767024000302284e-05,0.0001642806733105482,
52,1.1406076703372192e-05,-2.6880548321847982e-06,0.02577497691484086,0.11055549534629702,0.09402925424947801,0.09575314525560175,0.25644923439496664,0.12411541272207262,0.0223303100288156,0.02033912999877877,0.0034569550296354563,nan,0.0060829131396451155,148.48499915838434,nan,0.004092454787102094,0.0003393221830389274,0.0007769947486760571,0.12664184148350904,-0.001124075795220818,-0.004208907388692083,-0.001124075795220818,-1593019421.5206943,0.0001791519828614608,0.0015127583592785241,-0.002322983782060469,-0.004868116075249187,0.00012981986791212128,-0.00010491789865436888,0.00016510984634660395,
53,1.2033909416683713e-05,-3.253625350013951e-06,0.027905244661427603,0.13140741777656179,0.09637130573255025,0.0975122518660853,0.3421868244774563,0.13094358461331265,0.023817522891016112,0.021589768843035078,0.003673048873520827,nan,0.005819604330607195,265.6178108040665,nan,0.0046157525882722416,0.00031301583121863893,0.0008209092256391363,0.13490841927478991,-0.0015156570184142364,-0.0054204910964616585,-0.0015156570184142364,-1593020060.197505,0.0004323759655911602,0.0016924368838313157,-0.0015908971607672164,-0.005909884794585412,0.00013607688494474533,-0.00017417295486155948,0.00016523102070425383,
54,1.2682866303242112e-05,-3.8076766796417365e-06,0.030177707449084965,0.15596235288582327,0.09839638609809377,0.09896757516462401,0.513085275704145,0.1379753712394819,0.025384628168805625,0.022911073021716917,0.003898221785593378,nan,0.005492249784271039,470.0703587756192,nan,0.005196166060249557,0.0002795245442491702,0.0008664372647690289,0.14360240058253337,-0.0019758696969126334,-0.006875555082899774,-0.0019758696969126334,-1593020783.306916,0.0008494943955960476,0.0018962028374397398,-0.0011140101043504303,-0.007128232600442988,0.0001424624970425105,-0.0002570276628569776,0.00016464289081706134,
55,1.3353264610435103e-05,-4.351938240177774e-06,0.032599310094580926,0.18480423587107792,0.10006015118005232,0.10010962957770027,1.0235208738297057,0.14521165266639946,0.027035459089878325,0.024310154381388355,0.0041326760693357716,nan,0.0051042435189598764,823.3182757464724,nan,0.005838880983838123,0.00023804904591440997,0.0009136079278435959,0.15274293986851423,-0.002513038699282305,-0.008612122234266878,-0.002513038699282305,-1593021599.4515338,0.0014816380096281448,0.0021280226509373147,-0.0007537882349474694,-0.008547084191819678,0.0001489662210738122,-0.00035522190210335487,0.000163351790857362,
56,1.4045423256613972e-05,-4.887838745933172e-06,0.035177183188448105,0.21859243850222645,0.10131570072101169,0.10093173308854898,217.61308639885164,0.15265324066876151,0.028774035885194383,0.02579534608736435,0.004376614612246468,nan,0.004661347496136629,1427.6830274958627,nan,0.0065494698600833895,0.00018773485188534748,0.0009624502882409457,0.16234998211489096,-0.003136215556454855,-0.01067293702638231,-0.003136215556454855,-1593022517.863741,0.002390459008269815,0.0023926373745273705,-0.00045145282805029215,-0.010192921803910685,0.0001555772735170869,-0.0004706525745542703,0.00016137160374749164,
57,1.475966241076523e-05,-5.416569207294533e-06,0.0379186431885864,0.2580682328653914,0.10211351644899279,0.10143004210891496,-1.0311227895338342,0.16030088127139186,0.030604574445276925,0.027376443312763184,0.004630240878866905,nan,0.004171891626770587,2451.9236292287533,nan,0.007333915542567294,0.00012766993728844097,0.0010129934309406317,0.17244428380923527,-0.0038552225825981097,-0.013105928705444369,-0.0038552225825981097,-1593023548.4351554,0.003649681873264988,0.0026957321205204215,-0.0001771622255693332,-0.012094994086974639,0.00016228460186318023,-0.000605383374385255,0.0001587235618004346,
58,1.549630316943361e-05,-5.9391305960010826e-06,0.04083119250804512,0.3040611608514736,0.10240140015424509,0.10160354983567621,-0.5134884365769451,0.1681552571733566,0.03253149533167649,0.029065003112931743,0.004893758903384732,nan,0.00364688853240364,4171.934748912951,nan,0.008198636077443523,5.688235709310714e-05,0.001065266452524937,0.1830474339294603,-0.004680698675356121,-0.0159647093818088,-0.004680698675356121,-1593024701.746753,0.005346819370761211,0.0030441461695853824,8.640461095229548e-05,-0.014285537269158806,0.00016907691337524896,-0.0007616549371555876,0.00015543594200283947,
59,1.6255667307739776e-05,-6.456370381823742e-06,0.04392251959745296,0.35749513572458275,0.10212441176604013,0.10145404908593715,-0.34137455939325007,0.17621699004010677,0.0345594331579421,0.030874721667303432,0.005167373281972443,nan,0.0031000241975028555,7034.943465373313,nan,0.009150510805100544,-2.566218068167328e-05,0.001119298461180227,0.194181874928733,-0.005624146825687194,-0.019309108949975864,-0.005624146825687194,-1593025989.099651,0.007585065981618046,0.003446134322986351,0.00035048216529367593,-0.016800009067208212,0.00017594270143410755,-0.0009418953753607886,0.0001515436605533393,
60,1.7038077087074586e-05,-6.969010876300975e-06,0.04720049902251931,0.419394060985575,0.10122480742946474,0.10098606109716002,-0.2553506733101772,0.18448664265389852,0.03669324635482623,0.03282191368494689,0.005451289164978301,nan,0.002547476374822327,11759.97966807972,nan,0.01019690777947883,-0.00012106278894163114,0.0011751185766983789,0.20587092372045931,-0.006697983367528819,-0.023205748816289305,-0.006697983367528819,-1593027422.5465555,0.010485381569929765,0.0039116930264514425,0.0006231036610329488,-0.019677335817439363,0.00018287026967677496,-0.0011487312073357838,0.00014708777280890564,
61,1.7843855106317055e-05,-7.47767146382249e-06,0.05067319153698891,0.49088670422130154,0.09964197758221434,0.10020673223060016,-0.20372576397355696,0.19296472091677203,0.03893802733485321,0.034926128216623456,0.005745712249055471,nan,0.0020075017472462233,19493.926502840954,nan,0.011345712563282009,-0.00023048592267236703,0.0012327559304782635,0.21813879266342634,-0.007915588997518513,-0.0277286564853,-0.007915588997518513,-1593029014.9238672,0.014188778683541306,0.0044529685990319125,0.0009105320762297742,-0.02296017330781529,0.00018984775411752856,-0.0013849986864686394,0.00014211488625106496,
62,1.8673324186602248e-05,-7.98288621557577e-06,0.05434884415139629,0.5732105089545408,0.09731238503138646,0.09912570092160723,-0.16929576688534756,0.2016516757035144,0.041299113071790884,0.03721094881266419,0.006050848769292637,nan,0.0014997202009287038,32052.124850188437,nan,0.012605358459609558,-0.00035516794727538935,0.0012922396655272888,0.2310106105471913,-0.009291361594999395,-0.032959923126391254,-0.009291361594999395,-1593030779.8844545,0.01885882747560353,0.005084769838439001,0.0012180285844423102,-0.026695181800414584,0.00019686314342393405,-0.00165375553768475,0.00013667649544226771,
63,1.9526807282045268e-05,-8.485117975984292e-06,0.05823589019793371,0.6677139648715783,0.0941695030302742,0.09775493757508916,-0.14469345102584755,0.21054790456445566,0.04378209611099029,0.039705046151159405,0.0063669054913925585,nan,0.0010440098975399291,52286.72170764573,nan,0.013984858242907617,-0.0004964177540850389,0.0013535989364629895,0.2445124435778013,-0.010840770872539554,-0.03899040631410533,-0.010840770872539554,-1593032731.9310842,0.024684392844119742,0.005825213693679981,0.001550293211109904,-0.030933315742043225,0.00020390429750494118,-0.0019582931081613074,0.00013082824918151103,
64,2.0404627410613663e-05,-8.9847697255053e-06,0.06234294939171865,0.775857085322643,0.09014375335515906,0.09610856040538539,-0.12623680948970267,0.21965375327976708,0.046392836026992505,0.04244358154252294,0.006694089703932566,nan,0.0006589098975958577,84646.72392062606,nan,0.015493837454581705,-0.00065561942306629,0.00141686290951466,0.2586713163639327,-0.012580414887194032,-0.045920480208647245,-0.012580414887194032,-1593034886.4505165,0.03188261900697764,0.006696541059984012,0.0019117322808902162,-0.035730128669193714,0.00021095896455414423,-0.0023021489392318624,0.0001246291611693569,
65,2.130710760069046e-05,-9.482193819764347e-06,0.06667882788872007,0.8992094597093409,0.08516244438210491,0.09420263046462955,-0.11188067596313332,0.22896951726827183,0.04913747134524832,0.04547010603798482,0.007032609210731672,nan,0.00035940760750622524,136023.88304904083,nan,0.017142569331146912,-0.0008342349326934355,0.0014820607625250389,0.27351523290353547,-0.014528078442738372,-0.05386083551727663,-0.014528078442738372,-1593037259.748262,0.04070217736314227,0.007726150673824722,0.0023066292727894266,-0.04114609382201243,0.0002180147966785877,-0.002689119766440758,0.00011814077643888587,
66,2.22345708498894e-05,-9.977699557697929e-06,0.0712525183405809,1.0394452562584267,0.07914970916375116,0.09205492929104124,-0.10039795141959959,0.23849544285472263,0.052022431945254834,0.04883917226339259,0.00738267232334185,nan,0.00015396599943907004,217022.081569084,nan,0.018942011435407215,-0.0010338069170096544,0.0015492216849520147,0.28907319757107036,-0.01670279341310273,-0.0629333316527271,-0.01670279341310273,-1593039869.0839994,0.051426794136501794,0.008947913381262744,0.002739259352273371,-0.04724694099039166,0.00022505936423191067,-0.003123274954707188,0.00011142630658529131,
67,2.318734009346249e-05,-1.0471559423699539e-05,0.07607319994655336,1.1983344466147396,0.07202644350610586,0.08968472273797842,-0.09100762533775099,0.24823172840012614,0.055054451962880474,0.05261999196058901,0.007744487853675785,nan,4.06200568315588e-05,343850.38863209286,nan,0.02090384406386187,-0.001255961469867462,0.0016183748778703867,0.30537523610542505,-0.01912490101723544,-0.07327190358141977,-0.01912490101723544,-1593042732.7076576,0.06437907495731364,0.010403847801845218,0.0032139698165718758,-0.05410401012375899,0.0002320801689601197,-0.003608970375558644,0.00010454974741869187,
68,2.4165738180233153e-05,-1.0964014269189853e-05,0.08115023850274446,1.3777294064614212,0.06371024404533959,0.08711251461636287,-0.0831888584256234,0.25817852530007895,0.05824058321013403,0.05690166261903148,0.00811826510677939,nan,1.942871005669905e-06,541129.1552319673,nan,0.0230405105063307,-0.0015024109963500355,0.0016895495539736372,0.32245241659859597,-0.02181611607562483,-0.08502352593205911,-0.02181611607562483,-1593045869.8961575,0.07992464420729324,0.012146263050627795,0.003735239261046459,-0.06179462224459307,0.00023906465605873047,-0.004150862733393429,9.757499305992793e-05,
69,2.517008785444344e-05,-1.145527763961841e-05,0.08649318644885395,1.5795459146926418,0.054115346324578206,0.08435979379847812,-0.07658090330798793,0.268335938856249,0.061588209131121584,0.06180080890647363,0.008504213873754192,nan,-1.3511343890827619e-06,846025.145495676,nan,0.025365259236679216,-0.0017749571113734332,0.0017627749375757505,0.3403368704852229,-0.024799593278708516,-0.09834923701421827,-0.024799593278708516,-1593049300.9908173,0.09847661763811398,0.014240506627241559,0.004307723118482882,-0.07040246821415003,0.00024600022523134244,-0.004753924347731981,9.05649606870771e-05,
70,2.6200711742254933e-05,-1.1945539408115327e-05,0.09211178291257067,1.8057374261238932,0.04315256287069646,0.0814487783920673,-0.07092592961578376,0.27870402902616814,0.06510505931344159,0.06747304889693605,0.00890254442483254,nan,-3.843566881120001e-05,1314310.5125446138,nan,0.027892188116509484,-0.0020754935854696796,0.001838080264613047,0.35906181353306327,-0.028099995497398816,-0.11342522547673382,-0.028099995497398816,-1593053047.4354198,0.12050042746945869,0.016768498386448574,0.004936290291551643,-0.08001801590734113,0.0002528742408318373,-0.005423458398416712,8.358074011263963e-05,
71,2.7257932341914447e-05,-1.243496884294097e-05,0.0980159537517805,2.0582613278242943,0.030729221271111853,0.07840216050280044,-0.06603472507258244,0.2892828110564004,0.06879922457478245,0.07413072152972214,0.00931346750260666,nan,-0.0002183466486269136,2029191.6453550933,nan,0.030636290696764903,-0.002406009337750748,0.0019154947826460517,0.3786615668344921,-0.03174356416595332,-0.13044398241714408,-0.03174356416595332,-1593057131.8149407,0.14651901988176455,0.01983328807762997,0.005626053873963164,-0.09073893636215917,0.00025967404116524157,-0.006165114640719976,7.668078212147875e-05,
72,2.834207201680611e-05,-1.292371720974306e-05,0.10421581159472647,2.339035705280662,0.016749102250577158,0.07524285496384774,-0.06176526136537859,0.30007225600396725,0.07267917264501203,0.08207126296026097,0.009737194315411334,nan,-0.000702260204276096,3114105.113012187,nan,0.033613504705382144,-0.0027685914760534084,0.0019950477508613794,0.39917157779911633,-0.03575819176741963,-0.14961552183600793,-0.03575819176741963,-1593061577.8949416,0.17711844554045028,0.023564948835800632,0.00638239791011344,-0.10267054947750479,0.0002663869470157978,-0.006984905597319947,6.992013902368325e-05,
73,2.9453452990775503e-05,-1.3411919989416785e-05,0.11072165587825104,2.6498849400250033,0.001112377747973974,0.07199375522735213,-0.0580088260787395,0.31107229115065066,0.07675376446458942,0.0917245242611992,0.010173936530859044,nan,-0.0017184871986556686,4751166.550200679,nan,0.03684076281241177,-0.0031654283842649763,0.0020767684400736443,0.4206284411475863,-0.04017349645188307,-0.1711686724137466,-0.04017349645188307,-1593066410.6616209,0.2129538645226894,0.028128218316315446,0.007211001491717901,-0.11592628984172264,0.0002730002694648757,-0.007889223234103997,6.334977017308018e-05,
74,3.059239734524015e-05,-1.3899698776613155e-05,0.11754397288423947,2.9924722332238725,-0.016284451006892967,0.06867749938844438,-0.05468077759301915,0.3222828003144987,0.08103227112067482,0.10373562656022604,0.010623906269525397,nan,-0.003580656518178491,7207634.961049639,nan,0.040336045767426526,-0.0035988128568299267,0.002160686132727397,0.44306991990669703,-0.045020898817746326,-0.19535244367265012,-0.045020898817746326,-1593071656.3625314,0.25475598776471453,0.0337324310451145,0.008117861074415585,-0.13062819328261197,0.0002795013170560098,-0.008884856126759192,5.7015924272453795e-05,
75,3.1759227017701165e-05,-1.4387162911580303e-05,0.1246934357743759,3.368216898059934,-0.0355486154165039,0.06531624905285562,-0.05171421936634239,0.3337036240625103,0.08552439144287692,0.11911894589966851,0.011087316098782466,nan,-0.006709626143311212,10873687.666249407,nan,0.04411843800754064,-0.0040711452804373886,0.002246830122899063,0.4665349664058595,-0.05033370088626999,-0.22243746967288378,-0.05033370088626999,-1593077342.5479565,0.30333797790719513,0.04064446093196527,0.009109311626420761,-0.14690740473813108,0.00028587740235944885,-0.009979007125109752,5.095960913470986e-05,
76,3.2954263801350586e-05,-1.4874410888257572e-05,0.13218090462331308,3.7781939854176874,-0.056791141438829885,0.061931483469332804,-0.04905557162039567,0.34533455982811884,0.09024027028114742,0.1395663619125739,0.011564379026776941,nan,-0.011659735492867569,16316081.253824461,nan,0.04820818583798634,-0.004584936862889538,0.002335229716298918,0.4910637432750354,-0.05614716729960302,-0.2527175334787242,-0.05614716729960302,-1593083498.11295,0.3596028331884146,0.04920562641144239,0.010192047041169976,-0.16490470805547353,0.00029211584798418544,-0.01117931152216082,4.521615820245461e-05,
77,3.417782934553048e-05,-1.5361531573777262e-05,0.14001742645035106,4.223013500160551,-0.08012691151053884,0.05854381103331752,-0.04666140786774256,0.35717536193671334,0.09519051748891726,0.16812620646127513,0.012055308496549942,nan,-0.019150095498713406,24354023.25932905,nan,0.052626758290927014,-0.005142812909150862,0.002425914230273072,0.5166976444442157,-0.062498608772531626,-0.28651117571983814,-0.062498608772531626,-1593090153.3400383,0.4245512788198131,0.05985382197734636,0.011373140123977605,-0.18477107833464884,0.00029820399208138626,-0.012493855734808495,3.9814901557105326e-05,
78,3.54302451568509e-05,-1.5848605268318916e-05,0.14821423524971217,4.702676126749258,-0.10567472647020365,0.05517279993431624,-0.04449615379277146,0.3692257415420529,0.10038622763516203,0.210903390904672,0.012560318380295013,nan,-0.030101705093094885,36165959.910034694,nan,0.057396910772046186,-0.005747516144578302,0.0025189129938054653,0.5434793161445348,-0.0694274678281763,-0.32416339066220595,-0.0694274678281763,-1593097339.9425833,0.49929019107592587,0.0731525553138317,0.012660062378810058,-0.20666825744115444,0.00030412919337946987,-0.013931196503175496,3.4778947386463134e-05,
79,3.6711832600811736e-05,-1.6335704629263786e-05,0.1567827520194942,5.216402010540972,-0.13355736748150787,0.0518368293717271,-0.04253038602384608,0.38148536647603476,0.10583900046969276,0.28217205865037165,0.013079622973750704,nan,-0.04568128512653917,53439211.72907316,nan,0.06254275160842779,-0.006401910085332261,0.0026142553475198937,0.5714526779111044,-0.07697540684786502,-0.36604741329426993,-0.07697540684786502,-1593105091.1088095,0.5850415801408505,0.08982912416734873,0.014060703762680591,-0.23076935332078574,0.00030987883578773506,-0.015500380615532309,3.01250779439919e-05,
80,3.80229129038059e-05,-1.682289547955595e-05,0.16573458478937636,5.762428732100173,-0.1639016579564518,0.048552962408292384,-0.04073955583886505,0.3939538610138921,0.11156096216658344,0.42490935574692523,0.01361343699072424,nan,-0.0673528340893165,78578744.33532359,nan,0.06808981161535242,-0.007108982455968554,0.00271197064368202,0.6006629435876543,-0.08518639846541212,-0.41256660102605647,-0.08518639846541212,-1593113441.54649,0.6831521585761166,0.11082490901911773,0.015583392533658182,-0.2572594637580845,0.00031544033260238547,-0.017210965165763287,2.5863761944882882e-05,
81,3.936380715540537e-05,-1.731023751689009e-05,0.17508152864714932,6.337774163349753,-0.19683852547856065,0.0453368411724442,-0.039103018842817916,0.40663080555650705,0.11756478737127822,0.8558750213322047,0.014161975557742457,nan,-0.09693803535852345,114997218.82503746,nan,0.07406511680386875,-0.007871848654211151,0.002812088246201434,0.6311566423330683,-0.09410681833603181,-0.46415641369241284,-0.09410681833603181,-1593122427.5282986,0.795103523110222,0.13736175023186198,0.01723691528870739,-0.2863363252283801,0.0003208011303460197,-0.019073038350337395,2.1999283128275847e-05,
82,4.073483631085217e-05,-1.7797784937661062e-05,0.1848355657641342,6.937959403320782,-0.23250306372609036,0.04220260476608386,-0.03760328826500764,0.41951573623114025,0.12386372207755895,-78.60350709959717,0.014725454208826495,nan,-0.136686784080006,167516312.69428292,nan,0.08049726435536846,-0.008693755262905889,0.0029146375306337052,0.6629816396298993,-0.10378554031011475,-0.5212864956460419,-0.10378554031011475,-1593132086.9378207,0.922522978298109,0.17102970719307212,0.019030537265962263,-0.318210987501839,0.0003259487122691194,-0.02109724081174324,1.8529982400755293e-05,
83,4.213632119369192e-05,-1.8285586987405787e-05,0.19500886541955081,7.556686454358847,-0.27103459439523314,0.03916282988806771,-0.03622545392728918,0.4326081444114984,0.1304716073612088,-0.8394082728979568,0.015304088880386618,nan,-0.1893592543366648,242919775.62746492,nan,0.08741650199390219,-0.009578083609154991,0.003019647884182432,0.6961871582949527,-0.11427403404209723,-0.5844628638218043,-0.11427403404209723,-1593142459.3162282,1.0671950314595031,0.21390327685862967,0.02097402297017475,-0.35310851466638965,0.00033087060153973803,-0.023294787535347947,1.544860859667593e-05,
84,4.356858249850086e-05,-1.8773688447650794e-05,0.20561378402389424,8.185464713458725,-0.3125767291233267,0.03622849385085187,-0.034956725492875984,0.4459074761576856,0.1374029039978684,-0.4221734356838604,0.015898095906233572,nan,-0.25832109514638496,350712614.03347594,nan,0.09485481089162079,-0.010528353370632529,0.003127148705701349,0.7308237994920241,-0.12562646506465147,-0.6542302057507053,-0.12562646506465147,-1593153585.9096146,1.2310735891783424,0.2686955340489473,0.023077657168317733,-0.39126871324484713,0.00033555436414549995,-0.02567749030663957,1.2742770483624619e-05,
85,4.503194079366709e-05,-1.92621300675726e-05,0.21666286514136926,8.8131797142648,-0.3572774314120584,0.033408959353026686,-0.033786070023855336,0.45941313157620867,0.14467271799325598,-0.2820015430739157,0.01650769201270301,nan,-0.3476535283492264,504159259.88600427,nan,0.10284599224751759,-0.011548226229080704,0.003237169405696395,0.7669435637468791,-0.1378997973584259,-0.7311742916001563,-0.1378997973584259,-1593165509.716995,1.4162948865314564,0.3389628524724376,0.025352266293520415,-0.43294688809001897,0.0003399876115300609,-0.02825778073581258,1.039548024862136e-05,
86,4.652671652419479e-05,-1.9750948947627385e-05,0.2281688395114358,9.425596859319375,-0.40528907855067303,0.030711980078099926,-0.03270392186807688,0.4731244640998433,0.15229682705461225,-0.21165777545808492,0.01713309431388966,nan,-0.46228032394529456,721697964.5194141,nan,0.11142575768459123,-0.012641509570987086,0.0033497394063278143,0.8045998719645578,-0.15115389844756524,-0.8159245044164212,-0.15115389844756524,-1593178275.5389655,1.6251911811131976,0.42937715075201505,0.02780924028886708,-0.4784146267500285,0.00034415800298443595,-0.03104873385665616,8.385776369456713e-06,
87,4.805323001450837e-05,-2.0240178881260457e-05,0.24014462506950932,10.004792125268757,-0.45676852353917935,0.028143725923658915,-0.03170194856793411,0.4870407796867892,0.16029170803292256,-0.16933826406350125,0.01777452030698782,nan,-0.6081138503826673,1028860760.0786995,nan,0.1206318236156409,-0.013812160235442631,0.0034648881414122766,0.8438475864490974,-0.16545164705123752,-0.9091564928457557,-0.16545164705123752,-1593191930.0270255,1.8603052448339605,0.5460883528980338,0.030460554917529775,-0.5279606130045476,0.0003480532478119603,-0.0340640923067047,6.689411557732383e-06,
88,4.961180147123604e-05,-2.0729850659931127e-05,0.25260332696686094,10.528500901620516,-0.5118771570115572,0.025708826428254995,-0.030772860560107952,0.5011613359381845,0.16867456536618444,-0.1410583124250553,0.018432187867734963,nan,-0.7922226402136888,1460870455.3674624,nan,0.13050400973315898,-0.015064288309180744,0.0035826450564249855,0.884743031925755,-0.18085904332139915,-1.01159495071245,-0.18085904332139915,-1593206521.7335637,2.124405687394363,0.697207454794678,0.03331879456182314,-0.5818914702810885,0.0003516611072841889,-0.03731829109561039,5.279589412691881e-06,
89,5.120275098595992e-05,-2.121999234595182e-05,0.26555823758975605,10.969375231716048,-0.5707809691589623,0.023410430758758902,-0.029910255400106632,0.5154853411326709,0.1774633605547026,-0.12081212447306967,0.01910631524595543,nan,-1.0230231770824554,2066141232.562816,nan,0.14108434178418744,-0.01640216096879697,0.0037030396085018192,0.9273440165658166,-0.1974453216970254,-1.1240165279349428,-0.1974453216970254,-1593222101.1625035,2.4205031462733184,0.893450912570066,0.03639717553077006,-0.6405326356689587,0.0003549693964036707,-0.04082648296869727,4.12773161001812e-06,
90,5.282639853792034e-05,-2.1710629517019175e-05,0.27902283657787297,11.294138758022607,-0.6336506116529357,0.02125028245073351,-0.029108489425491154,0.5300119531763323,0.18667684270013074,-0.10559270423967916,0.01979712106120101,nan,-1.3104988999246572,2910981260.5779176,nan,0.15241715879660236,-0.017830206370149856,0.0038261012664414355,0.9717098530140849,-0.215283066405035,-1.247252877365331,-0.215283066405035,-1593238720.8206124,2.7518673790173733,1.149000904731746,0.03970956989343346,-0.7042292652569389,0.0003579659854882926,-0.04460456437265653,3.2042559350946266e-06,
91,5.4483063996666825e-05,-2.2201785485788595e-05,0.2930107908420329,11.462627627575596,-0.7006614595686079,0.019228806960147386,-0.02836257139127184,0.5447402784659453,0.19633458014071886,-0.09372784913358782,0.020504824298485675,nan,-1.6664497364107833,4085889148.0475197,nan,0.1645492249290059,-0.019353017584942483,0.003951859510707464,1.0179013794191243,-0.2344483296381405,-1.3821938422428883,-0.2344483296381405,-1593256435.269473,3.122045294580434,1.4826545561087254,0.043270529853443956,-0.7733471715292015,0.0003606388015907562,-0.04866920203034257,2.4793443290328423e-06,
92,5.6173067124649276e-05,-2.2693481497397025e-05,0.30753595458127875,11.426704482066764,-0.7719936733079071,0.017345209987508606,-0.02766807382582715,0.5596693706630989,0.20645699321598224,-0.0842134719621491,0.021229644304111325,nan,-2.1047758220177863,5713957133.295185,nan,0.1775298461223585,-0.02097535658448496,0.004080343833430614,1.0659809804663594,-0.2550207524398489,-1.52979078905879,-0.2550207524398489,-1593275301.1781158,3.534879961437384,1.9193600342587933,0.047095312678716285,-0.8482737935624425,0.0003629758297656892,-0.05303786013162938,1.923679427084524e-06,
93,5.789672757974523e-05,-2.3185736907458e-05,0.322612369299333,11.129031435039154,-0.8478322605227648,0.015597584475602014,-0.02702105877525497,0.574798229376333,0.21706538819477023,-0.07641020955111662,0.02197180078158219,nan,-2.6417994357641557,7962050391.619827,nan,0.19141099173754533,-0.022702158270637773,0.004211583738410851,1.1160126084141035,-0.27708368832684543,-1.6910600907369302,-0.27708368832684543,-1593295377.3763144,3.994530631182142,2.492270653327392,0.05119990619921135,-0.9294192007756554,0.0003649651141959565,-0.05772882814728694,1.5091279178560666e-06,
94,5.965436491772016e-05,-2.3678569342727998e-05,0.33825426382046203,10.501686619991107,-0.9283671380383233,0.013983024159233866,-0.02641801530606046,0.5901257987480423,0.2281819924014959,-0.0698915910362711,0.02273151378760496,nan,-3.2966295908081737,11055633515.480787,nan,0.20624742136939406,-0.0245385345539361,0.004345608741119574,1.1680618041326145,-0.30072432967898777,-1.8670867651446348,-0.30072432967898777,-1593316724.9085424,4.505493817320361,3.245492563932237,0.05560105488469716,-1.0172171309924258,0.00036659475918882013,-0.06276124927283727,1.2093495290997796e-06,
95,6.14462985946198e-05,-2.417199484636394e-05,0.35447605430477863,9.464607471674498,-1.0137931937761409,0.01249774155888299,-0.025855806676337443,0.6056509659424615,0.23982999057607088,-0.0643622243952297,0.023509003728172002,nan,-4.0915741601374185,15298374423.48288,nan,0.2220968170340796,-0.026489778478894842,0.0044824483687017705,1.2221957181462535,-0.32603383692713905,-2.0590282740572494,-0.32603383692713905,-1593339407.0885932,5.072625469979284,4.2377610192729005,0.06031628651374183,-1.1121260635841013,0.000367852930051829,-0.06815514950934976,1.0003116491377868e-06,
96,6.32728479690924e-05,-2.4666028009452848e-05,0.3712923442630076,7.923842371951372,-1.1043103486774013,0.011137188358508313,-0.025331625504576537,0.6213725595305988,0.25203356250389575,-0.05961101902723645,0.024304491354725614,nan,-5.052604896957526,21097988186.417652,nan,0.23901992093356295,-0.028561368396494702,0.0046221321599782044,1.278483131678844,-0.35310747056906927,-2.2681184878118197,-0.35310747056906927,-1593363489.5548608,5.701164288282237,5.547359569192028,0.0653639394445953,-1.2146303284706166,0.0003687278538575349,-0.07393146738813482,8.606916259937998e-07,
97,6.513433230464225e-05,-2.5160682090287904e-05,0.38871792457073645,5.769590644370262,-1.2001236186261175,0.00989617618898095,-0.024842955592555633,0.6372893477675228,0.2648179219530601,-0.055483105955110176,0.025118197760400376,nan,-6.209881228750808,29000207972.901134,nan,0.2570806790075213,-0.030758972183849063,0.004764689665447599,1.3369944777023133,-0.382044726043656,-2.4956718209976207,-0.382044726043656,-1593389040.3262837,6.396756213172726,7.278702457684402,0.07076319049815182,-1.3252412517642371,0.00036920782010547195,-0.0801120843462968,7.721517595049993e-07,
98,6.703107077181403e-05,-2.5655969122687225e-05,0.40676777348217935,2.874009110922146,-1.3014431763723386,0.008768995950197785,-0.02438753931629843,0.6534000367569084,0.27820935695673993,-0.05186228093525067,0.025950344376341857,nan,-7.598339266101456,39733311849.88477,nan,0.27634639049032955,-0.033088451511051734,0.00491015044728884,1.3978018619886996,-0.41294947149360767,-2.7430875446450704,-0.41294947149360767,-1593416129.8589501,7.165480144523492,9.571141750494496,0.07653408346281403,-1.444498338849927,0.0003692811812891919,-0.08671985576010398,7.194760322942037e-07,
99,6.89633824503091e-05,-2.615190001449752e-05,0.4254570566434737,-0.911238477329862,-1.408484413455358,0.007749533943903038,-0.023963349703108483,0.6697032684972254,0.29223527147960177,-0.048659640248307164,0.026801152968098877,nan,-9.25835307521381,54266322903.35354,nan,0.29688786369788467,-0.03555586615520564,0.005058544079363162,1.4609790841656163,-0.4459300884469457,-3.011854280489304,-0.4459300884469457,-1593444831.1033661,8.013874927428521,12.610748901272533,0.08269755823077746,-1.5729704957045076,0.0003689363533755756,-0.09377864264313693,6.905628376993907e-07,
